"PROFESORES","DIRECCIÓNCOMPLETADECONTACTOPARATUTORÍAS
(Direcciónpostal,teléfono,correoelectrónico,etc.)"
"JerónimoAlaminosPrats(1ºC),
JoséExtremeraLizana(1ºB)
SalvadorLópezMartínez(1ºE)
PilarMuñozRivas(1ºA,1ºC,1ºD,1ºE)
AbrahamRuedaZoca(1ºA)","3ªplantaETSIIT,Despachonº17oDespachos2,4y16delDpto.
deAnálisisMatemático,FacultaddeCiencas.
Correoelectrónico:alaminos@ugr.es,
jlizana@ugr.es,
salvadorlopez@ugr.es,pmrivas@ugr.es,abrahamrueda@ugr.es"
"","HORARIOPARATUTORÍAS
Consultaren http://analisismatematico.ugr.es"
